"","Message","category"
"1","LastÂ weekÂ IÂ hostedÂ myÂ ballotsÂ andÂ beersÂ event",1
"2","WishingÂ YouÂ AllÂ TheÂ BestÂ ThisÂ HolidayÂ Season",1
"3","WinterÂ campÂ isÂ aÂ safe,Â supervised,Â kid-friendlyÂ programÂ heldÂ atÂ FoothillsÂ MiddleÂ School.Â ",0
"4","Â NotÂ onlyÂ didÂ IÂ andÂ myÂ daughterÂ getÂ toÂ enjoyÂ deliciousÂ pancakes,Â ",1
"5","MyÂ colleaguesÂ andÂ IÂ enjoyedÂ anotherÂ funÂ ThursdayÂ eveningÂ outÂ onÂ theÂ CityÂ HallÂ lawnÂ withÂ theÂ KellyÂ RaeÂ Band.",1
"6","ArcadiaÂ HighÂ SchoolÂ willÂ startÂ theÂ schoolÂ yearÂ onÂ Wednesday,",0
"7","Â TheÂ ArcadiaÂ PoliceÂ FoundationÂ wasÂ createdÂ specificallyÂ toÂ bringÂ backÂ K9sÂ toÂ Arcadia.",0
"8","HappyÂ InternationalÂ Womenâ€™sÂ Day!Â ",0
"9","ForÂ theÂ firstÂ timeÂ inÂ Arcadiaâ€™sÂ history,Â womenÂ areÂ theÂ majorityÂ sinceÂ DecemberÂ 2022!",0
"10","Â IÂ wonÂ theÂ firstÂ 4Â handsÂ inÂ aÂ row!Â ",1
"11","ThankÂ youÂ toÂ ourÂ VeteransÂ whoÂ servedÂ andÂ sacrificedÂ soÂ thatÂ weÂ couldÂ enjoyÂ theÂ freedomsÂ guaranteedÂ inÂ theÂ ConstitutionÂ ofÂ theÂ UnitedÂ StatesÂ withoutÂ persecution.Â Â ",0
"12","Â IÂ gotÂ toÂ seeÂ soÂ manyÂ wonderfulÂ friendsÂ andÂ neighborsÂ ",1
"13","TheÂ eventÂ honoredÂ allÂ ofÂ theÂ hardworkingÂ nurses,Â doctors,Â employees,Â andÂ supportÂ staffÂ ofÂ ourÂ hospitalÂ whoÂ serveÂ ourÂ community.",0
"14","ItÂ wasÂ aÂ wonderfulÂ eventÂ honoringÂ theÂ incredibleÂ womenÂ inÂ ourÂ community.",0
"15","TodayÂ IÂ gotÂ myÂ carÂ washedÂ atÂ myÂ favoriteÂ carÂ wash-Faschingâ€™s",1
"16","ThisÂ pastÂ weekend,Â IÂ hadÂ theÂ honorÂ andÂ privilegeÂ ofÂ spendingÂ anÂ eveningÂ withÂ HolocaustÂ SurvivorÂ JoeÂ AlexanderÂ ",0
"17","TheÂ ArcadiaÂ Womanâ€™sÂ ClubÂ isÂ aÂ allÂ femaleÂ volunteerÂ groupÂ dedicatedÂ toÂ empoweringÂ women.",0
"18","MyÂ fatherÂ servedÂ inÂ theÂ armyÂ inÂ WWII.Â ",1
"19","TheÂ HolocaustÂ claimedÂ theÂ livesÂ ofÂ upÂ toÂ 6Â millionÂ people.",0
"20","IÂ hadÂ aÂ fabulousÂ timeÂ atÂ theÂ HakkaÂ FederationÂ CulturalÂ FestivalÂ yesterday.Â ",1
"21","TodayÂ isÂ aÂ beautifulÂ dayÂ toÂ celebrateÂ theÂ incredibleÂ planetÂ weÂ liveÂ onÂ andÂ theÂ stunningÂ naturalÂ spacesÂ itÂ offers.",0
"22","Â IÂ wasÂ upÂ earlyÂ yesterdayÂ morningÂ toÂ haveÂ coffeeÂ ",1
"23","AnotherÂ beautifulÂ weekendÂ talkingÂ toÂ voters!",0
"24","SoÂ youÂ andÂ IÂ canÂ enjoyÂ ourÂ daysÂ atÂ theÂ beach",1
"25","DepressionÂ isÂ aÂ seriousÂ andÂ commonÂ challengeÂ facingÂ Alzheimerâ€™sÂ familyÂ caregivers.Â ",0
"26","IÂ wouldÂ definitelyÂ playÂ catÂ golf!Â ",1
"27","WonderÂ HusbandÂ saysÂ bestÂ barbacoaÂ heÂ hasÂ everÂ had!Â ",1
"28","JoinÂ meÂ inÂ supportingÂ ElizabethÂ forÂ Congress",0
"29","Can'tÂ waitÂ toÂ keepÂ workingÂ togetherÂ toÂ electÂ pro-workerÂ candidates",0
"30","JoinÂ usÂ forÂ aÂ family-friendlyÂ neighborhoodÂ eventÂ withÂ DavidÂ Blewett!Â Â ",1
"31","ComeÂ andÂ enjoyÂ coffeeÂ andÂ breakfastÂ snacksÂ ",1
"32","Dallasâ€“FortÂ WorthÂ isÂ becomingÂ theÂ deÂ factoÂ capitalÂ ofÂ Americaâ€™sÂ Heartland.",0
"33","TwoÂ womenÂ wereÂ hospitalizedÂ afterÂ beingÂ shotÂ duringÂ aÂ fightÂ atÂ aÂ LowerÂ GreenvilleÂ barÂ earlyÂ SundayÂ morning.",0
"34","NextÂ Thursday,Â JuneÂ 4,Â IÂ willÂ beÂ holdingÂ aÂ ZoomÂ conferenceÂ callÂ toÂ discussÂ theÂ constructionÂ atÂ 5714Â RichmondÂ Ave.Â ",0
"35","Â MemorialÂ DayÂ isÂ moreÂ thanÂ aÂ longÂ weekend.Â ",0
"36","DallasÂ policeÂ haveÂ lostÂ hundredsÂ ofÂ officersÂ areÂ strugglingÂ toÂ hireÂ moreÂ atÂ aÂ timeÂ withÂ fewerÂ peopleÂ wantÂ toÂ beÂ cops",0
"37","IÂ wouldÂ justÂ likeÂ toÂ giveÂ aÂ bigÂ shout-outÂ toÂ DowntownÂ Dallas,",1
"38","IÂ votedÂ today",1
"39","IÂ liveÂ andÂ workÂ inÂ #D14Â sinceÂ 2002.",1
"40","discussÂ crimeÂ issuesÂ inÂ ourÂ District.Â ",0
"41","TheÂ companyÂ hopesÂ toÂ attractÂ commercialÂ tenants",0
"42","IÂ amÂ generallyÂ anÂ optimisticÂ person",1
"43","ThisÂ articleÂ isÂ partÂ ofÂ ourÂ StateÂ ofÂ theÂ CityÂ project",0
"44","TheÂ lastÂ fewÂ weeksÂ haveÂ seenÂ soÂ manyÂ emotionsÂ andÂ soÂ manyÂ events.",0
"45","MyÂ nameÂ isÂ ElizabethÂ BlewettÂ andÂ IÂ amÂ theÂ secondÂ oldestÂ ofÂ theÂ sevenÂ BlewettÂ kids.",1
"46","Iâ€™mÂ soÂ veryÂ honoredÂ andÂ excitedÂ toÂ announceÂ theÂ openingÂ ofÂ WestÂ EndÂ Square!Â ",0
"47","Â AsÂ aÂ father,Â heÂ isÂ compassionate,Â thoughtful,Â andÂ considerate.Â ",1
"48","Â TheÂ drivers,Â theÂ cops,Â andÂ theÂ cityÂ areÂ atÂ anÂ impasse.Â ",0
"49","DonaldÂ TrumpÂ votersÂ toldÂ usÂ whyÂ billionairesÂ haveÂ tooÂ muchÂ power.",0
"50","LizÂ Gramlich,Â 28,Â fromÂ Philadelphia,",1
"51","Iâ€™mÂ fineÂ ",1
"52","OliviaÂ Rodrigo,Â theÂ newÂ celebrityÂ queenÂ ofÂ reproductiveÂ freedomÂ herself,Â ",0
"53","TrumpÂ isÂ aboutÂ toÂ pullÂ offÂ theÂ biggestÂ griftÂ ofÂ hisÂ life,",0
"54","IÂ justÂ wantedÂ toÂ introduceÂ myselfÂ andÂ shareÂ aÂ photoÂ IÂ took",1
"55","
Volkswagen workers have made history.",0
"56","Â thisÂ hasÂ beenÂ myÂ favoriteÂ bookÂ forever!",1
"57","I'mÂ goingÂ toÂ callÂ inÂ theÂ morning.",1
"58","MeghanÂ MarkleÂ announcedÂ thisÂ morningÂ thatÂ sheÂ wouldÂ beÂ releasingÂ aÂ newÂ showÂ onÂ Netflix",0
"59","ThankÂ youÂ forÂ watchingÂ EricÂ DetersÂ WorldÂ NewsÂ withÂ JamieÂ Spindley",0
"60","AsÂ aÂ youngÂ boy,Â IÂ spentÂ summersÂ muckingÂ outÂ stalls,Â paintingÂ fences,Â andÂ helpingÂ outÂ onÂ myÂ great-uncle'sÂ farm.",1
"61","25%Â OfÂ KentuckyÂ IsÂ Depressed",0
"62","RussiaÂ wantedÂ toÂ sellÂ itsÂ AlaskanÂ territory,Â ",0
"63","YouÂ canÂ supportÂ andÂ followÂ EricÂ byÂ visitingÂ hisÂ website",0
"64","TropicalÂ StormÂ IdaÂ isÂ expectedÂ toÂ becomeÂ aÂ majorÂ hurricaneÂ ",0
"65","MyÂ husbandÂ diedÂ ",1
"66","IllegalÂ migrantÂ encountersÂ brokeÂ allÂ previousÂ recordsÂ inÂ DecemberÂ 2023,",0
"67","TheÂ rateÂ ofÂ inflationÂ wasÂ higherÂ thanÂ expected,Â ",0
"68","ItÂ isÂ theÂ honorÂ ofÂ aÂ lifetimeÂ toÂ haveÂ beenÂ electedÂ theÂ 56thÂ SpeakerÂ ofÂ theÂ House.",0
"69","IÂ hopeÂ everyoneÂ hadÂ aÂ relaxingÂ andÂ joyfulÂ Thanksgiving!Â ",1
"70","WeÂ areÂ excitedÂ toÂ announceÂ theÂ 2023Â SchoolÂ ofÂ ExcellenceÂ awardees!Â ",0
"71","Iâ€™mÂ deeplyÂ humbledÂ andÂ grateful",1
"72","BlackÂ andÂ LatinoÂ communitiesÂ haveÂ historicallyÂ hadÂ higherÂ uninsuredÂ ratesÂ despiteÂ facingÂ greaterÂ risksÂ ofÂ worseÂ healthÂ outcomes.",0
"73","PresidentÂ Bidenâ€™sÂ choice",0
"74","TheÂ gunÂ controlÂ debateÂ ",0
"75","LastÂ weekÂ IÂ hostedÂ myÂ ballotsÂ andÂ beersÂ event!Â ",1
"76","IÂ amÂ proud",1
"77","IÂ wasÂ honoredÂ toÂ joinÂ herÂ forÂ aÂ roundÂ andÂ celebrateÂ thisÂ milestoneÂ birthday.Â HerÂ secretÂ toÂ aÂ longÂ life:Â Â gettingÂ outÂ andÂ stayingÂ active!Â Â IÂ lookÂ forwardÂ toÂ celebratingÂ herÂ 101stÂ birthdayÂ nextÂ year!Â ",1
"78","AsianÂ HallÂ ofÂ FameÂ 2023Â InductionÂ CeremonyÂ atÂ theÂ Biltmore,Â LosÂ Angeles.Â Â TheÂ RobertÂ ChinnÂ FoundationÂ createdÂ thisÂ eventÂ inÂ orderÂ toÂ haveÂ aÂ platformÂ toÂ recognizeÂ andÂ liftÂ upÂ AsianÂ AmericansÂ andÂ theirÂ contributions.",0
"79","TheyÂ provideÂ wonderfulÂ servicesÂ toÂ patientsÂ andÂ theirÂ familiesÂ touchedÂ byÂ cancer.Â WhenÂ thingsÂ areÂ atÂ theirÂ lowestÂ andÂ peopleÂ areÂ feelingÂ theirÂ worst,Â thereÂ isÂ aÂ placeÂ theyÂ canÂ goÂ toÂ andÂ findÂ peace,Â solace,Â hopeÂ andÂ rejuvenation!Â Â TheyÂ evenÂ haveÂ aÂ beautifulÂ kitchenÂ whereÂ theyÂ haveÂ cookingÂ classesÂ forÂ recipesÂ thatÂ helpÂ withÂ cancerÂ patientsâ€™Â diet.Â ",1
"80","LawÂ DayÂ isÂ recognizedÂ nationallyÂ inÂ MayÂ eachÂ yearÂ andÂ aimsÂ toÂ deepenÂ theÂ understandingÂ ofÂ theÂ legalÂ professionÂ andÂ celebrateÂ theÂ roleÂ ofÂ lawÂ inÂ ourÂ nationâ€™sÂ history.Â TheÂ annualÂ LawÂ DayÂ eventÂ inÂ ArcadiaÂ hasÂ takenÂ placeÂ forÂ overÂ two-decadesÂ andÂ putsÂ theÂ valueÂ ofÂ legalÂ serviceÂ intoÂ actionÂ byÂ offeringÂ 20-minutesÂ ofÂ freeÂ legalÂ counselingÂ fromÂ volunteerÂ attorneysÂ specializingÂ inÂ aÂ varietyÂ ofÂ areas.Â Â IÂ haveÂ personallyÂ volunteeredÂ atÂ thisÂ eventÂ asÂ anÂ attorneyÂ offeringÂ freeÂ legalÂ adviceÂ toÂ thoseÂ inÂ need.Â Â Itâ€™sÂ beenÂ aÂ veryÂ rewardingÂ experienceÂ andÂ IÂ lookÂ forwardÂ toÂ participatingÂ againÂ thisÂ year!Â AppointmentsÂ areÂ required,Â soÂ pleaseÂ visitÂ theÂ Cityâ€™sÂ websiteÂ toÂ bookÂ yourÂ appointmentÂ inÂ advance.Â Â #mayorofarcadiaÂ #thisisarcadiaÂ #arcadiacaÂ #lawdayÂ #freelegaladvice",0
"81","ShadowsÂ fromÂ palmÂ treesÂ fallÂ acrossÂ theÂ two-storyÂ ItalianÂ RenaissanceÂ facadeÂ ofÂ theÂ SantaÂ AnitaÂ DepotÂ inÂ Arcadia,Â ca.Â 1937.Â Tracks,Â benchesÂ andÂ utilityÂ polesÂ surroundÂ theÂ buildingÂ andÂ aÂ ""SantaÂ Anita""Â signÂ sitsÂ onÂ theÂ hippedÂ shingledÂ roof.Â PhotoÂ byÂ HermanÂ Schultheis.Â Source:Â LAPLÂ  TheÂ SantaÂ AnitaÂ DepotÂ wasÂ constructedÂ byÂ theÂ Atchison,Â TopekaÂ andÂ SantaÂ FeÂ RailroadÂ inÂ 1890.Â TheÂ stationÂ servicedÂ bothÂ freightÂ andÂ passengerÂ trainsÂ fromÂ BaldwinÂ RanchÂ andÂ nearbyÂ SierraÂ Madre,Â andÂ includedÂ upstairsÂ livingÂ quarters.Â InÂ 1970,Â theÂ abandonedÂ stationÂ wasÂ restoredÂ afterÂ beingÂ movedÂ toÂ theÂ ArboretumÂ fromÂ itsÂ originalÂ locationÂ aÂ quarterÂ mileÂ north.",0
"82","LastÂ weekÂ IÂ hostedÂ myÂ ballotsÂ andÂ beersÂ event!Â WeÂ hadÂ aÂ greatÂ turnoutÂ fromÂ theÂ localÂ communityÂ whoÂ allÂ cameÂ outÂ toÂ enjoyÂ aÂ beerÂ andÂ fillÂ outÂ theirÂ ballotÂ withÂ meÂ atÂ Mt.Â LoweÂ BrewingÂ Co.Â ItÂ wasÂ greatÂ toÂ connectÂ withÂ myÂ neighborsÂ andÂ Iâ€™mÂ soÂ gratefulÂ forÂ theÂ overwhelmingÂ supportÂ IÂ receivedÂ fromÂ everyone.Â TheÂ primaryÂ electionÂ isÂ 7Â daysÂ away,Â soÂ beÂ sureÂ toÂ getÂ outÂ andÂ voteÂ byÂ MarchÂ 5th!Â #MayorofArcadiaÂ #Ballots&BeersÂ #thisisarcadiaÂ #cd28Â #verlatoforcongress",0
"83","DidÂ youÂ knowÂ thatÂ oneÂ emergencyÂ ambulanceÂ rideÂ canÂ costÂ moreÂ thanÂ $2,000?Â AreÂ youÂ anÂ ArcadiaÂ residentÂ orÂ businessÂ owner?Â Â SinceÂ 1994,Â theÂ CityÂ ofÂ ArcadiaÂ hasÂ offeredÂ theÂ ParamedicÂ MembershipÂ Program,Â whichÂ providesÂ anÂ optionÂ forÂ ArcadiaÂ residentsÂ andÂ businessÂ ownersÂ toÂ protectÂ themselves,Â theirÂ lovedÂ ones,Â orÂ theirÂ employeesÂ fromÂ theÂ highÂ costÂ ofÂ emergencyÂ medicalÂ care.Â Â ",0
"84","Let'sÂ BeÂ Jolly!Â Sunday,Â DecemberÂ 24,Â 2023Â WishingÂ YouÂ AllÂ TheÂ BestÂ ThisÂ HolidayÂ SeasonÂ AsÂ weÂ gatherÂ withÂ familyÂ andÂ friendsÂ duringÂ thisÂ busyÂ holidayÂ weekend,Â IÂ can'tÂ helpÂ butÂ reflectÂ onÂ theÂ accomplish",1
"85","Â IÂ startedÂ thisÂ eventÂ 8Â yearsÂ agoÂ withÂ theÂ hopeÂ ofÂ bringingÂ theÂ communityÂ togetherÂ inÂ celebrationÂ ofÂ allÂ theÂ uniqueÂ talentsÂ ofÂ neighborsÂ andÂ students.Â Â Weâ€™veÂ accomplishedÂ thatÂ andÂ thenÂ some!Â Â GratefulÂ forÂ allÂ theÂ communityÂ supportÂ andÂ ourÂ hardworkingÂ teamÂ ",0
"86","MayÂ theÂ 4thÂ BeÂ WithÂ You!Â Â ItÂ wasÂ aÂ greatÂ morningÂ forÂ aÂ CommunityÂ BikeÂ RideÂ throughÂ Arcadia!Â Â OurÂ amazingÂ RecreationÂ andÂ CommunityÂ ServicesÂ DepartmentÂ organizedÂ aÂ leisurelyÂ bikeÂ rideÂ completeÂ withÂ DarthÂ VaderÂ andÂ aÂ BabyÂ Yoda!Â Â WhatÂ aÂ fabulousÂ wayÂ toÂ startÂ theÂ day!Â Â ThankÂ youÂ toÂ SaraÂ Somogyi,Â CandiceÂ CheungÂ andÂ EmilyÂ BuchananÂ forÂ bringingÂ theÂ funÂ soÂ earlyÂ inÂ theÂ morningÂ forÂ Arcadia!Â WeÂ areÂ soÂ luckyÂ toÂ haveÂ suchÂ dedicatedÂ staffÂ andÂ fantasticÂ familiesÂ participatingÂ inÂ thisÂ morningâ€™sÂ festivities.Â Â ItÂ wasÂ suchÂ aÂ specialÂ treatÂ toÂ seeÂ theÂ joyÂ onÂ soÂ manyÂ youngÂ facesÂ asÂ theyÂ headedÂ outÂ onÂ toÂ CampusÂ Drive!Â ",0
"87","LastÂ nightÂ IÂ attendedÂ theÂ SanÂ GabrielÂ CityÂ CouncilÂ MeetingÂ whereÂ IÂ hadÂ theÂ honorÂ ofÂ recognizingÂ threeÂ outstandingÂ CouncilmembersÂ forÂ theirÂ exemplaryÂ leadershipÂ andÂ serviceÂ toÂ theirÂ community.Â Â ",0
"88","WinterÂ campÂ isÂ aÂ safe,Â supervised,Â kid-friendlyÂ programÂ heldÂ atÂ FoothillsÂ MiddleÂ School.Â EachÂ dayÂ isÂ filledÂ withÂ funÂ groupÂ activities,Â includingÂ crafts,Â boardÂ games,Â moviesÂ andÂ snacks.Â ",0
"89","MyÂ colleaguesÂ andÂ IÂ enjoyedÂ anotherÂ funÂ ThursdayÂ eveningÂ outÂ onÂ theÂ CityÂ HallÂ lawnÂ withÂ theÂ KellyÂ RaeÂ Band.Â Â WeÂ hadÂ aÂ largeÂ crowdÂ enjoyingÂ countryÂ musicÂ evenÂ inÂ thisÂ heat!Â Â ComeÂ joinÂ usÂ nextÂ ThursdayÂ forÂ â€œBuffetÂ Beachâ€",1
"90","ArcadiaÂ HighÂ SchoolÂ willÂ startÂ theÂ schoolÂ yearÂ onÂ Wednesday,Â AugustÂ 16thÂ andÂ theÂ ArcadiaÂ UnifiedÂ SchoolÂ DistrictÂ elementaryÂ andÂ middleÂ schoolsÂ willÂ startÂ onÂ Thursday,Â AugustÂ 17th.Â PleaseÂ beÂ safeÂ outÂ there!Â ",0
"91","TheÂ bearÂ mayÂ haveÂ gottenÂ myÂ peachÂ treeÂ inÂ theÂ frontÂ yard,Â butÂ itÂ stillÂ hasnâ€™tÂ foundÂ myÂ nectarineÂ treeÂ inÂ theÂ sideÂ yard!Â ",1
"92","HappyÂ InternationalÂ Womenâ€™sÂ Day!Â Â SoÂ proudÂ toÂ serveÂ withÂ theseÂ strongÂ womenÂ onÂ ArcadiaÂ CityÂ Council.Â Â ForÂ theÂ firstÂ timeÂ inÂ Arcadiaâ€™sÂ history,Â womenÂ areÂ theÂ majorityÂ sinceÂ DecemberÂ 2022!Â ",0
"93","IÂ amÂ proudÂ toÂ announceÂ thatÂ IÂ haveÂ receivedÂ theÂ endorsementÂ ofÂ fiveÂ localÂ cityÂ leaders!Â ManyÂ ofÂ themÂ IÂ haveÂ knownÂ andÂ workedÂ withÂ forÂ yearsÂ andÂ Iâ€™mÂ honoredÂ toÂ haveÂ theirÂ supportÂ forÂ myÂ campaign. EachÂ ofÂ theseÂ localÂ leadersÂ areÂ strongÂ advocatesÂ forÂ safeÂ andÂ prosperousÂ cities,Â whichÂ IÂ planÂ toÂ continueÂ toÂ advocateÂ forÂ onceÂ electedÂ toÂ Congress. ThankÂ youÂ toÂ eachÂ ofÂ themÂ forÂ theirÂ support!",1
"94","IÂ wasÂ honoredÂ toÂ welcomeÂ aÂ newÂ business,Â NissiÂ Law,Â APC.Â toÂ WestÂ Covina!Â IÂ wasÂ ableÂ toÂ meetÂ andÂ presentÂ aÂ certificateÂ toÂ theÂ PrincipalÂ Partners,Â ZhoumingÂ â€œClaireâ€ZhuÂ andÂ SeaÂ Chen,Â andÂ theirÂ staffÂ atÂ theÂ newÂ location. TheyÂ provideÂ aÂ vitalÂ resourceÂ toÂ theÂ SanÂ GabrielÂ ValleyÂ forÂ newÂ immigrants.Â Â ThisÂ lawÂ firmÂ strivesÂ toÂ serveÂ theirÂ communityÂ andÂ helpÂ newÂ immigrantsÂ navigateÂ complexÂ immigrationÂ laws.Â ",0
"95","MahjongÂ withÂ theÂ MayorÂ todayÂ atÂ 1pm-3pmÂ atÂ ArcadiaÂ CommunityÂ Center.Â Â YouÂ donâ€™tÂ wantÂ toÂ missÂ it!Â Â ",0
"96","Â IÂ gotÂ toÂ seeÂ soÂ manyÂ wonderfulÂ friendsÂ andÂ neighborsÂ asÂ weÂ allÂ cameÂ togetherÂ toÂ supportÂ theÂ startÂ ofÂ aÂ greatÂ season!Â LittleÂ LeagueÂ Mom,Â EmilyÂ MooreÂ sangÂ anÂ amazingÂ renditionÂ ofÂ theÂ nationalÂ anthemÂ andÂ thenÂ weÂ wereÂ joinedÂ byÂ aÂ veryÂ specialÂ guest,Â DodgerÂ PitcherÂ DennisÂ PowellÂ whoÂ gaveÂ anÂ inspirationalÂ speechÂ toÂ theÂ kidsÂ andÂ familiesÂ ofÂ theÂ importanceÂ ofÂ teamÂ sports.Â Â IÂ lookÂ forwardÂ toÂ aÂ greatÂ seasonÂ cheeringÂ onÂ theÂ teamÂ inÂ ourÂ community.Â ",1
"97","ThankÂ youÂ SheriffÂ BobÂ GualtieriÂ atÂ PinellasÂ CountyÂ Sheriff'sÂ OfficeÂ &Â FloridaÂ PoliceÂ BenevolentÂ AssociationÂ !",0
"98","ThankÂ youÂ TacticalÂ ShitÂ forÂ hostingÂ TeamÂ LunaÂ &Â GunÂ OwnersÂ ofÂ AmericaÂ todayÂ atÂ yourÂ storeÂ forÂ ourÂ endorsement!Â 2AÂ allÂ theÂ way!",0
"99","CorporalÂ MatthewÂ AitkenÂ willÂ beÂ makingÂ aÂ fullÂ recovery.Â OurÂ LEOsÂ sacrificeÂ soÂ muchÂ forÂ ourÂ community.Â WeÂ willÂ continueÂ toÂ keepÂ theÂ Aitkenâ€™sÂ inÂ ourÂ prayersÂ andÂ alwaysÂ backÂ thereÂ blue!Â ThankÂ youÂ forÂ yourÂ serviceÂ toÂ ourÂ community.",0
"100","TwentyÂ yearsÂ ago,Â onÂ SeptemberÂ 11,Â 2001,Â theÂ UnitedÂ StatesÂ sufferedÂ theÂ largestÂ terroristÂ attacksÂ onÂ itsÂ territoryÂ sinceÂ theÂ JapaneseÂ bombingÂ ofÂ PearlÂ HarborÂ inÂ 1941.Â TheÂ consequencesÂ scarredÂ aÂ generation. ByÂ DanielÂ Chang.",0
"101","Winners HonorableÂ mention:Â AnnaÂ PaulinaÂ Luna.Â RepublicansÂ battlingÂ withÂ theÂ federalÂ governmentÂ isnâ€™tÂ anythingÂ new.Â Often,Â conservativesÂ areÂ gripingÂ aboutÂ federalÂ governmentÂ overreachÂ regardingÂ regulation,Â taxesÂ or,Â increasingly,Â lawÂ enforcement.Â ",0
"102","CaliforniaÂ alreadyÂ hadÂ toÂ askÂ consumersÂ lastÂ yearÂ toÂ limitÂ whenÂ theyÂ chargeÂ theirÂ electricÂ vehicles,Â butÂ thatÂ hasn'tÂ stoppedÂ climateÂ radicalsÂ fromÂ continuingÂ theirÂ pushÂ forÂ anÂ all-electricÂ transitionÂ beforeÂ theÂ technologyÂ orÂ AmericanÂ infrastructureÂ canÂ handleÂ it.",0
"103","WowğŸ™ğŸ¼Â PackedÂ houseÂ tonightÂ atÂ theÂ RepublicanÂ LibertyÂ Caucus.Â ThankÂ youÂ forÂ allÂ whoÂ showedÂ upÂ andÂ whoÂ signedÂ upÂ toÂ volunteer!",0
"104","OurÂ officersÂ madeÂ aÂ coupleÂ newÂ friendsÂ todayÂ offÂ ClearwaterÂ BeachÂ onÂ ourÂ policeÂ boat.",1
"105","AnnaÂ PaulinaÂ LunaÂ hasÂ beenÂ tryingÂ toÂ getÂ TwitterÂ verifiedÂ sinceÂ atÂ leastÂ FebruaryÂ â€”Â andÂ itÂ stillÂ hasnâ€™tÂ happenedÂ yet.",0
"106","BeingÂ aÂ momÂ ofÂ youngÂ kidsÂ inÂ CongressÂ isÂ hard.Â TheÂ rulesÂ hereÂ makeÂ itÂ evenÂ harder,Â particularlyÂ forÂ newÂ mothers. Iâ€™mÂ proudÂ toÂ joinÂ Rep.Â AnnaÂ PaulinaÂ LunaÂ andÂ RepresentativeÂ SaraÂ JacobsÂ inÂ introducingÂ aÂ rulesÂ changeÂ toÂ makeÂ itÂ easierÂ forÂ momsÂ toÂ doÂ ourÂ jobsÂ andÂ careÂ forÂ ourÂ kids.Â Itâ€™sÂ longÂ overdue.",1
"107","IÂ knowÂ whoÂ Iâ€™mÂ votingÂ for.Â TheyÂ triedÂ toÂ setÂ herÂ upÂ andÂ itÂ FAILEEEEDDD",1
"108","OurÂ thoughtsÂ andÂ prayersÂ goÂ outÂ toÂ theÂ HartwickÂ family.Â  ThisÂ isÂ heartbreaking.Â ",1
"109","ItÂ wasÂ anÂ honorÂ toÂ attendÂ ParamÂ ShantiÂ honoringÂ PramukhÂ SwamiÂ Maharaj.Â ThereÂ wereÂ thousandsÂ ofÂ peopleÂ acrossÂ TampaÂ BayÂ inÂ attendance.âœ¨ThankÂ youÂ forÂ invitingÂ AndyÂ andÂ I.Â âœ¨",0
"110","TheÂ planeÂ tookÂ offÂ fromÂ theÂ WarrenÂ CountyÂ airportÂ andÂ crashedÂ inÂ aÂ nearbyÂ field,Â NationalÂ TransportationÂ SafetyÂ BoardÂ spokesmanÂ PeterÂ KnudsonÂ said.",0
"111","MeetÂ ourÂ newÂ superÂ volunteerÂ Jeromy!Â Heâ€™sÂ aÂ vetÂ andÂ joinedÂ ourÂ teamÂ recently.Â Itâ€™sÂ soÂ awesomeÂ havingÂ peopleÂ comeÂ outÂ thatÂ haveÂ ourÂ back!",1
"112","TwentyÂ yearsÂ ago,Â onÂ SeptemberÂ 11,Â 2001,Â theÂ UnitedÂ StatesÂ sufferedÂ theÂ largestÂ terroristÂ attacksÂ onÂ itsÂ territoryÂ sinceÂ theÂ JapaneseÂ bombingÂ ofÂ PearlÂ HarborÂ inÂ 1941.Â TheÂ consequencesÂ scarredÂ aÂ generation. ByÂ DanielÂ Chang.",0
"113","NotÂ onlyÂ childrenÂ shouldÂ notÂ beÂ exposedÂ toÂ sexualÂ issuesÂ atÂ suchÂ aÂ youngÂ age,Â butÂ theyÂ shouldÂ notÂ beÂ victimsÂ ofÂ theÂ cultureÂ warÂ andÂ politicalÂ fightsÂ unleashedÂ byÂ theÂ leftÂ inÂ thisÂ country",1
"114","IÂ believeÂ thatÂ youÂ ownÂ yourself.Â AndÂ IÂ hopeÂ youâ€™dÂ agree.Â OtherwiseÂ youâ€™dÂ beÂ assertingÂ thatÂ someoneÂ elseÂ hasÂ aÂ greaterÂ claimÂ toÂ yourÂ lifeÂ thanÂ youÂ do.",1
"115","TheÂ mostÂ importantÂ propertyÂ weÂ ownÂ isÂ ourÂ body.Â  ToÂ argueÂ againstÂ self-ownershipÂ isÂ toÂ argueÂ FORÂ slavery.Â  WhenÂ someoneÂ tellsÂ usÂ thatÂ weÂ can'tÂ self-medicate,Â evenÂ toÂ saveÂ ourÂ ownÂ livesÂ (e.g.,Â theÂ FDA),Â theyÂ claimÂ ownershipÂ overÂ ourÂ bodies,Â butÂ wouldÂ takeÂ offenseÂ ifÂ weÂ calledÂ themÂ ""wannabeÂ slaveÂ owners.""Â  TheÂ originÂ ofÂ propertyÂ isÂ self-ownership.Â  AfterÂ all,Â slavesÂ canÂ ownÂ nothingÂ withoutÂ theÂ consentÂ ofÂ theirÂ masters.",0
"116","WeÂ wantÂ aÂ newÂ pathÂ builtÂ onÂ solutions,Â notÂ fearÂ andÂ hateÂ politics.Â ofÂ theÂ twoÂ oldÂ parties!",1
"117","Iâ€™mÂ ColonelÂ ThomasÂ Chalifoux.Â Iâ€™mÂ anÂ ArmyÂ veteran.Â AÂ successfulÂ businessÂ owner.Â AndÂ I'mÂ runningÂ forÂ CongressÂ toÂ KEEPÂ FLORIDAÂ FREE!",1
"118","ForÂ theÂ pastÂ twoÂ years,Â AmericansÂ haveÂ acceptedÂ moreÂ harmÂ toÂ childrenÂ inÂ exchangeÂ forÂ lessÂ harmÂ toÂ adults.",0
"119","TheÂ announcementÂ appliedÂ toÂ 160,000Â borrowersÂ andÂ bringsÂ theÂ totalÂ debtÂ canceledÂ byÂ theÂ administrationÂ toÂ $167Â billion.",0
"120","BidenÂ hasÂ alreadyÂ signedÂ executiveÂ ordersÂ toÂ offerÂ coronavirusÂ reliefÂ asÂ heÂ triesÂ toÂ passÂ aÂ $1.9Â trillionÂ aidÂ packageÂ inÂ Congress.",0
"121","AsÂ federalÂ agentsÂ patrolÂ PortlandÂ andÂ headÂ toÂ Chicago,Â DemocratsÂ callÂ theÂ presidentâ€™sÂ planÂ â€œanÂ AmericanÂ crisis,â€Â barelyÂ 100Â daysÂ beforeÂ theÂ election.",0
"122","TheÂ 2006Â sculptureÂ honoringÂ TomÂ Leeâ€™sÂ 1925Â rescueÂ ofÂ 32Â peopleÂ fromÂ theÂ MississippiÂ RiverÂ isÂ aÂ prominentÂ partÂ ofÂ plansÂ toÂ remakeÂ theÂ popularÂ park.Â ButÂ theÂ fateÂ ofÂ aÂ 1954Â monumentÂ thatÂ refersÂ toÂ LeeÂ asÂ aÂ â€œveryÂ worthyÂ Negroâ€Â isÂ uncertain.",0
"123","""WeÂ can'tÂ justÂ chooseÂ toÂ learnÂ whatÂ weÂ wantÂ toÂ know,""Â PresidentÂ BidenÂ said.",1
"124","ThoughÂ IÂ mayÂ notÂ beÂ hereÂ withÂ you,Â IÂ urgeÂ youÂ toÂ answerÂ theÂ highestÂ callingÂ ofÂ yourÂ heartÂ andÂ standÂ upÂ forÂ whatÂ youÂ trulyÂ believe.",1
"125","DonaldÂ TrumpÂ hasÂ beenÂ indictedÂ onÂ felonyÂ chargesÂ forÂ workingÂ toÂ overturnÂ theÂ resultsÂ ofÂ theÂ 2020Â electionÂ inÂ theÂ run-upÂ toÂ theÂ violentÂ riotÂ byÂ hisÂ supportersÂ atÂ theÂ U.S.",0
"126","HappyÂ Easter!Â HeÂ isÂ Risen!Â ",1
"127","MerryÂ ChristmasÂ ğŸ„fromÂ ourÂ familyÂ toÂ yours.Â ",1
"128","ThankÂ youÂ ğŸ™ğŸ»Â toÂ allÂ whoÂ votedÂ forÂ meÂ duringÂ theÂ RepublicanÂ Primary.Â IÂ wonÂ 41%Â ofÂ theÂ voteÂ andÂ nowÂ faceÂ aÂ runoff.Â TheÂ jobÂ isnâ€™tÂ done.Â IÂ â¤ï¸Â thisÂ district,Â stateÂ andÂ country.Â IÂ willÂ beatÂ LucyÂ McBathÂ forÂ CongressÂ inÂ Nov.Â AmericaÂ FirstÂ isÂ forÂ ALLÂ ofÂ ğŸ‡ºğŸ‡¸Â notÂ justÂ Republicans.Â ThisÂ isÂ myÂ promise.",0
"129","CelebrateÂ theÂ TheÂ 55thÂ AnniversaryÂ ofÂ TheÂ VotingÂ RightsÂ ActÂ ofÂ 1965Â withÂ GreshamÂ CityÂ CouncilorÂ EddyÂ MoralesÂ andÂ OregonÂ RepresentativeÂ JanelleÂ Bynum.",0
"130","WelcomeÂ toÂ thisÂ year'sÂ AcademyÂ Awards!Â AnotherÂ congratsÂ toÂ ourÂ honorees:Â AliciaÂ Garza,Â DarrenÂ Walker,Â andÂ MichaelÂ Podhorzer!ThisÂ isÂ ourÂ annualÂ fundraiserÂ as...",0
"131","HardÂ workÂ isÂ betterÂ withÂ friends.Â I'mÂ thankfulÂ toÂ beÂ runningÂ withÂ aÂ teamÂ thatÂ isÂ pullingÂ inÂ theÂ sameÂ direction.Â WhileÂ weÂ giveÂ eachÂ otherÂ roomÂ toÂ haveÂ differentÂ perspectivesÂ onÂ issues,Â weÂ areÂ workingÂ togetherÂ toÂ bringÂ aboutÂ aÂ sharedÂ visionÂ forÂ anÂ inclusiveÂ andÂ effectiveÂ cityÂ governmentÂ inÂ Gresham.",1
"132","PleaseÂ helpÂ findÂ myÂ friendâ€™sÂ dogÂ Jasmin,Â lastÂ seenÂ inÂ PapagoÂ aboutÂ aÂ weekÂ ago.Â SheÂ isÂ aÂ sweetÂ dogÂ andÂ doesn'tÂ comeÂ upÂ toÂ strangersÂ easily.Â IfÂ youÂ seeÂ herÂ inÂ theÂ areaÂ pleaseÂ call.ğŸ™ğŸ½ğŸ™ğŸ½ğŸ™ğŸ½ğŸ™ğŸ½Â SheÂ isÂ aÂ valuedÂ familyÂ member.",1
"133","IÂ amÂ proudÂ ofÂ allÂ IÂ haveÂ doneÂ forÂ Maryland.Â IÂ haveÂ givenÂ myÂ heartÂ andÂ soulÂ toÂ ourÂ greatÂ state,Â andÂ IÂ thankÂ MarylandersÂ forÂ trustingÂ meÂ asÂ yourÂ representativeÂ forÂ allÂ theseÂ years. ThankÂ you,Â Maryland.",1
"134","AÂ $430Â millionÂ projectÂ investmentÂ isÂ estimatedÂ toÂ eliminateÂ 80Â percentÂ ofÂ sewageÂ overflowsÂ inÂ BaltimoreÂ City.",0
"135","WeÂ willÂ #neverforgetÂ theÂ nearlyÂ 3,000Â AmericansÂ whoÂ lostÂ theirÂ livesÂ onÂ SeptemberÂ 11th.Â WeÂ willÂ continueÂ toÂ prayÂ forÂ theirÂ familiesÂ andÂ grieveÂ forÂ theirÂ tragicÂ loss.Â Letâ€™sÂ rememberÂ thoseÂ weÂ lost,Â includingÂ theÂ braveÂ firstÂ respondersÂ whoÂ madeÂ theÂ ultimateÂ sacrificeÂ toÂ saveÂ others.",0
"136","COVID-19Â remainsÂ aÂ seriousÂ threatÂ toÂ ourÂ healthÂ andÂ safety.Â ByÂ wearingÂ aÂ faceÂ maskÂ andÂ socialÂ distancing,Â weÂ canÂ stopÂ theÂ spreadÂ ofÂ COVID-19Â andÂ getÂ backÂ toÂ doingÂ theÂ thingsÂ weÂ love.Â Remember:Â BeÂ SafeÂ toÂ StayÂ Safe.",0
"137","Yesterday,Â CountyÂ ExecutiveÂ JohnnyÂ OlszewskiÂ joinedÂ SarahÂ JohnsonÂ ofÂ TheÂ CASHÂ CampaignÂ ofÂ MarylandÂ andÂ WBAL'sÂ JasonÂ NewtonÂ toÂ talkÂ aboutÂ theÂ county'sÂ newÂ partnershipÂ withÂ theÂ CASHÂ Campaign.Â Now,Â residentsÂ canÂ callÂ theÂ CountyÂ atÂ 311Â andÂ arrangeÂ aÂ freeÂ benefitsÂ screeningÂ withÂ theÂ CASHÂ Campaign.",0
"138","JoinÂ meÂ forÂ ourÂ officialÂ campaignÂ kickoffÂ event!Â Â ",1
"139","InÂ anÂ effortÂ toÂ expandÂ accessÂ toÂ theÂ COVID-19Â vaccineÂ toÂ underservedÂ communities,Â primarilyÂ communitiesÂ ofÂ color,Â BaltimoreÂ CountyÂ isÂ bringingÂ vaccineÂ clinicsÂ toÂ thoseÂ communities.",0
"140","TheÂ BethlehemÂ steelÂ millÂ inÂ MarylandÂ wasÂ onceÂ theÂ largestÂ workingÂ millÂ inÂ theÂ world,Â employingÂ 30,000Â peopleÂ atÂ itsÂ peakÂ inÂ theÂ 1950's.Â TheÂ collapseÂ ofÂ theÂ AmericanÂ steelÂ industryÂ forcedÂ theÂ millÂ intoÂ bankruptcy,Â closingÂ forÂ goodÂ inÂ 2012.Â Now,Â newÂ economicÂ opportunitiesÂ areÂ risingÂ onÂ theÂ landÂ where....",0
"141","TheÂ centerÂ ofÂ TropicalÂ StormÂ IsaiasÂ willÂ moveÂ nearÂ orÂ overÂ theÂ eastÂ coastÂ ofÂ FloridaÂ todayÂ throughÂ lateÂ tonight.",0
"142","FoundedÂ inÂ 1758Â byÂ JohnÂ Reister,Â Reisterâ€™sÂ TownÂ initiallyÂ flourishedÂ becauseÂ ofÂ itsÂ uniqueÂ geographicalÂ location.Â BeingÂ aÂ one-dayÂ journeyÂ byÂ horse-drawnÂ vehicleÂ fromÂ BaltimoreÂ City,Â itÂ wasÂ aÂ convenientÂ stoppingÂ placeÂ forÂ wearyÂ travelersÂ fromÂ theÂ outerÂ reachesÂ ofÂ WesternÂ MarylandÂ orÂ Pennsylvania.Â T...",0
"143","AÂ NorwegianÂ companyÂ thatÂ manufacturesÂ dronesÂ announcedÂ thatÂ itÂ willÂ openÂ itsÂ NorthÂ AmericanÂ headquartersÂ inÂ BaltimoreÂ County.",0
"144","IÂ willÂ beÂ speakingÂ nextÂ TuesdayÂ MarchÂ 12Â atÂ 5Â pm,Â aboutÂ myÂ campaignÂ andÂ whatÂ IÂ believeÂ in,Â toÂ aÂ communityÂ forumÂ organizedÂ byÂ Mr.Â LesterÂ Gabriel.Â Location:Â HowellÂ PublicÂ Library,Â 896Â LyonsÂ Blvd,Â FredericksburgÂ VA.Â PleaseÂ comeÂ andÂ joinÂ ifÂ youÂ areÂ able.",0
"145","ToÂ ourÂ friendsÂ inÂ theÂ JewishÂ communityÂ observingÂ #YomKippur,Â weÂ wishÂ youÂ anÂ easyÂ andÂ meaningfulÂ fast. Gâ€™marÂ ChatimaÂ Tova.",1
"146","ThisÂ isÂ soÂ funnyÂ ğŸ˜‚ğŸ¤£Â howÂ isÂ MarcyÂ legitimatelyÂ stillÂ inÂ office?",1
"147","AtÂ leastÂ 233Â peopleÂ wereÂ killedÂ andÂ 618Â peopleÂ wereÂ injuredÂ byÂ gunÂ violenceÂ inÂ moreÂ thanÂ 500Â shootingsÂ acrossÂ theÂ countryÂ duringÂ theÂ FourthÂ ofÂ JulyÂ weekend,Â aÂ 26%Â dropÂ fromÂ lastÂ year'sÂ holidayÂ weekend,Â accordingÂ toÂ theÂ latestÂ dataÂ compiledÂ byÂ theÂ GunÂ ViolenceÂ Archive.",0
"148","PresidentÂ DonaldÂ Trumpâ€™sÂ unpopularityÂ inÂ theÂ suburbsÂ isÂ threateningÂ down-ballotÂ Republicans,Â andÂ DemocratsÂ areÂ pummelingÂ GOPÂ incumbentsÂ onÂ theÂ airwaves.",0
"149","ZoomÂ isÂ theÂ leaderÂ inÂ modernÂ enterpriseÂ videoÂ communications,Â withÂ anÂ easy,Â reliableÂ cloudÂ platformÂ forÂ videoÂ andÂ audioÂ conferencing,Â chat,Â andÂ webinarsÂ acrossÂ mobile,Â desktop,Â andÂ roomÂ systems.Â ZoomÂ RoomsÂ isÂ theÂ originalÂ software-basedÂ conferenceÂ roomÂ solutionÂ usedÂ aroundÂ theÂ worldÂ inÂ board,Â confer...",0
"150","MayÂ theÂ 4thÂ BeÂ WithÂ You... TheÂ ChamberÂ celebratesÂ StarÂ WarsÂ Day!Â ",1
"151","TheÂ law,Â whichÂ cameÂ intoÂ forceÂ onÂ Thursday,Â aimsÂ toÂ curbÂ gunÂ violenceÂ afterÂ newlyÂ releasedÂ dataÂ showÂ anÂ increaseÂ inÂ homicidesÂ acrossÂ CaliforniaÂ inÂ 2020.Â MurdersÂ increasedÂ byÂ 31%,Â andÂ inÂ mostÂ casesÂ murderersÂ usedÂ guns.Â TheÂ rulesÂ regardingÂ whoÂ andÂ howÂ oftenÂ gunsÂ canÂ beÂ purchasedÂ inÂ CaliforniaÂ haveÂ cha...",0
"152","ThisÂ morningÂ theÂ BobcatFireÂ isÂ atÂ 50,539Â acresÂ withÂ 3%Â containmentÂ andÂ 1,285Â personnel.Â Â ItÂ didÂ crossÂ HwyÂ 2Â nearÂ junctionÂ withÂ HwyÂ 39.Â Â NewÂ evacuationÂ warningsÂ haveÂ beenÂ issuedÂ toÂ theÂ north.",0
"153","IÂ haveÂ spentÂ theÂ pastÂ 30Â yearsÂ ofÂ myÂ lifeÂ asÂ anÂ educatorÂ inÂ California,Â andÂ IÂ knowÂ firsthandÂ thatÂ CaliforniaÂ teachersÂ andÂ schoolsÂ areÂ notÂ currentlyÂ prepared,Â staffed,Â orÂ resourcedÂ toÂ respondÂ toÂ Calâ€¦",1
"154","OnÂ Saturday,Â MarchÂ 11th,Â residentsÂ gatheredÂ togetherÂ atÂ theÂ BurbankÂ CommunityÂ GardenÂ withÂ localÂ andÂ masterÂ gardeners,Â cityÂ officialsÂ andÂ representativesÂ fromÂ theÂ ParksÂ andÂ RecreationÂ departmentÂ toÂ acceptÂ aÂ checkÂ fromÂ SenatorÂ PortantinoÂ awardedÂ byÂ theÂ 25thÂ SenateÂ DistrictÂ ofÂ California.",0
"155","EXCITINGÂ NEWS:Â CaliforniaÂ GovernorÂ GavinÂ NewsomÂ hasÂ signedÂ theÂ 2022-2023Â StateÂ BudgetÂ withÂ $10Â millionÂ inÂ newÂ fundingÂ forÂ theÂ ArmenianÂ AmericanÂ MuseumÂ currentlyÂ underÂ constructionÂ inÂ theÂ CityÂ ofÂ Glendale! CaliforniaÂ GovernorÂ Â GavinÂ NewsomÂ Â AnthonyÂ PortantinoÂ Â CityÂ ofÂ Glendale,Â CA",0
"156","AreÂ youÂ struggling?Â WeÂ areÂ ThinkingÂ ofÂ youÂ ğŸ’œğŸ’œ",1
"157","Five-termÂ Phoenix-areaÂ CongressmanÂ RubenÂ GallegoÂ hostedÂ aÂ townÂ hallÂ SundayÂ inÂ hopesÂ ofÂ winningÂ overÂ votersÂ inÂ hisÂ bidÂ forÂ Senate.",0
"158","Today,Â IÂ stoodÂ humblyÂ overÂ whatÂ remainsÂ ofÂ theÂ USSÂ ArizonaÂ andÂ wasÂ onceÂ againÂ remindedÂ thatÂ ourÂ freedomÂ isÂ notÂ free.Â DailyÂ weÂ mustÂ ensureÂ thatÂ whatÂ weÂ embraceÂ andÂ tolerateÂ asÂ AmericansÂ isÂ worthÂ dyingÂ forâ€¦.becauseÂ somebodyÂ did.Â #gratefulÂ #pearlharborÂ #dday",1
"159","It'sÂ Official!Â Â QuacyÂ SmithÂ launchesÂ hisÂ campaignÂ forÂ theÂ UnitedÂ StatesÂ CongressÂ forÂ Arizona'sÂ 9thÂ CongressionalÂ District!Â ",0
"160","â€œ79Â yearsÂ ago,Â faithfulÂ &Â devotedÂ menÂ stormedÂ theÂ beachesÂ ofÂ NormandyÂ toÂ defendÂ freedomÂ &Â democracy.Â TodayÂ weÂ markÂ theÂ anniversaryÂ ofÂ D-Day,Â andÂ recallÂ theÂ courageÂ andÂ braveryÂ ofÂ ourÂ military.Â AÂ solemnÂ reminderÂ thatÂ sacrificeÂ isÂ ourÂ greatestÂ strengthÂ asÂ countryÂ inÂ thisÂ world.Â ğŸ‡ºğŸ‡¸â€",0
"161","It'sÂ Official!Â Â QuacyÂ SmithÂ launchesÂ hisÂ campaignÂ forÂ theÂ UnitedÂ StatesÂ CongressÂ forÂ Arizona'sÂ 9thÂ CongressionalÂ District!Â Â ",0
"162","AsÂ theÂ crisisÂ inÂ AfghanistanÂ unfolds,Â TheÂ DepartmentÂ ofÂ VeteranÂ AffairsÂ isÂ prioritizingÂ theÂ mentalÂ healthÂ ofÂ CentralÂ LouisianaÂ veterans.",0
"163","AÂ LouisianaÂ manufacturerÂ isÂ investingÂ $176Â millionÂ toÂ expandÂ itsÂ graphiteÂ processingÂ plantÂ inÂ Vidalia.",0
"164","EveryÂ homeÂ inÂ theÂ U.S.Â isÂ eligibleÂ toÂ orderÂ 4Â freeÂ at-homeÂ COVID-19Â tests.Â TheÂ testsÂ areÂ completelyÂ free.Â OrdersÂ willÂ usuallyÂ shipÂ inÂ 7-12Â days.",0
"165","MoreÂ thanÂ 91,000Â peopleÂ wereÂ hospitalizedÂ withÂ theÂ coronavirusÂ onÂ SaturdayÂ â€”Â overÂ 6,000Â ofÂ themÂ onÂ ventilators.Â WithÂ theÂ holidayÂ seasonÂ fastÂ approaching,Â healthÂ expertsÂ fearÂ theÂ worstÂ isÂ yetÂ toÂ come.",0
"166","AÂ yearÂ intoÂ theÂ pandemic,Â moreÂ thanÂ 18Â millionÂ peopleÂ areÂ stillÂ receivingÂ someÂ formÂ ofÂ unemploymentÂ benefit.",0
"167","HisÂ finalÂ restingÂ placeÂ willÂ beÂ nextÂ toÂ hisÂ mother,Â whomÂ FloydÂ criedÂ outÂ forÂ twoÂ weeksÂ agoÂ asÂ heÂ layÂ pinnedÂ underÂ theÂ kneeÂ ofÂ aÂ MinneapolisÂ policeÂ officer.",1
"168","Zaila,Â aÂ 14-year-oldÂ fromÂ Harvey,Â La.,Â wonÂ onÂ theÂ wordÂ â€œMurraya.â€Â SheÂ becameÂ theÂ firstÂ BlackÂ AmericanÂ toÂ winÂ theÂ ScrippsÂ NationalÂ SpellingÂ BeeÂ inÂ almostÂ 100Â yearsÂ ofÂ contests.",0
"169","IÂ BeenÂ StayingÂ DownÂ ForÂ WhatÂ IÂ WantÂ ,Â IÂ DeserveÂ DisÂ Life",1
"170","I'mÂ supportingÂ MarkÂ RobertsonÂ forÂ CongressÂ -Â joinÂ me!",1
"171","TheÂ cityÂ andÂ countyÂ willÂ increaseÂ theÂ wageÂ fromÂ itsÂ currentÂ $14.03Â perÂ hour.",0
"172","DeltaÂ variantÂ drivesÂ surgeÂ asÂ stateÂ seesÂ 1,758Â casesÂ inÂ pastÂ threeÂ days",0
"173","MyÂ motherÂ wasÂ trulyÂ oneÂ ofÂ aÂ kind.Â SheÂ adoredÂ herÂ family,Â andÂ weÂ treasuredÂ everyÂ minuteÂ weÂ hadÂ withÂ her.Â MyÂ familyÂ andÂ IÂ areÂ gratefulÂ thatÂ sheÂ spentÂ herÂ finalÂ daysÂ surroundedÂ byÂ theÂ peopleÂ sheÂ lovedÂ â€“Â weÂ willÂ missÂ herÂ very,Â veryÂ much.",1
"174","WhileÂ 99Â percentÂ ofÂ homesÂ onÂ theÂ NewÂ MexicoÂ sideÂ ofÂ theÂ NavajoÂ NationÂ haveÂ receivedÂ theirÂ â€œUpdateÂ Leaveâ€Â censusÂ packetâ€“aÂ specificÂ formÂ withÂ anÂ identificationÂ numberÂ thatÂ isÂ geo-taggedÂ toÂ theÂ personâ€™sÂ homeâ€“fourÂ tribesÂ inÂ theÂ stateÂ haveÂ yetÂ toÂ allowÂ censusÂ workersÂ toÂ beginÂ droppingÂ theÂ packe...",0
"175","FromÂ mentalÂ healthÂ supportÂ toÂ bloodÂ donations,Â here'sÂ whatÂ youÂ canÂ doÂ toÂ helpÂ theÂ victimsÂ ofÂ theÂ UvaldeÂ elementaryÂ schoolÂ shooting.",0
